ID,NAME,EMAIL
1,A1,ABC@GMAIL.COM
2,A2,ABC@GMAIL.COM
3,A3,ABC@GMAIL.COM
4,A4,ABC@GMAIL.COM
5,A5,ABC@GMAIL.COM
6,A6,ABC@GMAIL.COM
7,A7,ABC@GMAIL.COM
8,A8,ABC@GMAIL.COM
9,A9,ABC@GMAIL.COM
10,A10,ABC@GMAIL.COM
11,A11,ABC@GMAIL.COM
12,A12,ABC@GMAIL.COM
13,A13,ABC@GMAIL.COM
14,A14,ABC@GMAIL.COM
15,A15,ABC@GMAIL.COM
16,A16,ABC@GMAIL.COM
17,A17,ABC@GMAIL.COM
18,A18,ABC@GMAIL.COM
19,A19,ABC@GMAIL.COM
20,A20,ABC@GMAIL.COM
21,A21,ABC@GMAIL.COM
22,A22,ABC@GMAIL.COM
23,A23,ABC@GMAIL.COM
24,A24,ABC@GMAIL.COM
25,A25,ABC@GMAIL.COM
26,A26,ABC@GMAIL.COM
27,A27,ABC@GMAIL.COM
28,A28,ABC@GMAIL.COM
