{"id":1,"first_name":"Portia","last_name":"Gioani","gender":"Male","city":"Bakersfield","job":{"title":"Financial Analyst","salary":32000},"spoken_languages":[{"language":"Kazakh","level":"Advanced"},{"language":"Lao","level":"Basic"}],"prev_company":[]},
{"id":2,"first_name":"Dag","last_name":"Croney","gender":"Male","city":"Louny","job":{"title":"Clinical Specialist","salary":43000},"spoken_languages":[{"language":"Assamese","level":"Basic"},{"language":"Papiamento","level":"Expert"},{"language":"Telugu","level":"Basic"}],"prev_company":["MacGyver, Kessler and Corwin","Gerlach, Russel and Moen"]},
{"id":3,"first_name":"Heath","last_name":"Lackmann","gender":"Female","city":"Wates","job":{"title":"Research Assistant I","salary":40800},"spoken_languages":[{"language":"Swati","level":"Expert"}],"prev_company":["Schaden LLC","Reynolds LLC"]},
{"id":4,"first_name":"Dita","last_name":"Deering","gender":"Female","city":"Umeå","job":{"title":"Assistant Media Planner","salary":14400},"spoken_languages":[{"language":"Chinese","level":"Advanced"},{"language":"Mongolian","level":"Basic"}],"prev_company":[]},
{"id":5,"first_name":"Nikki","last_name":"McCosh","gender":"Female","city":"Shangxian","job":{"title":"Administrative Officer","salary":34600},"spoken_languages":[{"language":"Filipino","level":"Basic"},{"language":"Kazakh","level":"Basic"}],"prev_company":[]},
{"id":6,"first_name":"Austina","last_name":"Laux","gender":"Female","city":"Saurimo","job":{"title":"Compensation Analyst","salary":25800},"spoken_languages":[{"language":"Northern Sotho","level":"Basic"},{"language":"Tswana","level":"Expert"},{"language":"Georgian","level":"Advanced"}],"prev_company":["Rath Inc"]},
{"id":7,"first_name":"Tessa","last_name":"Nairns","gender":"Female","city":"Kangar","job":{"title":"Data Coordiator","salary":30600},"spoken_languages":[{"language":"Korean","level":"Basic"}],"prev_company":[]},
{"id":8,"first_name":"Remington","last_name":"Lilleman","gender":"Female","city":"Muurla","job":{"title":"Pharmacist","salary":22700},"spoken_languages":[{"language":"Kazakh","level":"Expert"}],"prev_company":["Kuhlman LLC","Lockman, Kunze and Bartoletti"]},
{"id":9,"first_name":"Genovera","last_name":"Semered","gender":"Male","city":"Espinosa","job":{"title":"Compensation Analyst","salary":33200},"spoken_languages":[{"language":"Haitian Creole","level":"Advanced"},{"language":"Quechua","level":"Basic"},{"language":"Thai","level":"Expert"}],"prev_company":[]},
{"id":10,"first_name":"Louella","last_name":"Tranckle","gender":"Male","city":"Marsada","job":{"title":"Chief Design Engineer","salary":20800},"spoken_languages":[{"language":"Oriya","level":"Basic"},{"language":"Luxembourgish","level":"Basic"},{"language":"Dzongkha","level":"Expert"}],"prev_company":[]},
{"id":11,"first_name":"Iggie","last_name":"Pudsall","gender":"Male","city":"Maodao","job":{"title":"Senior Cost Accountant","salary":30000},"spoken_languages":[{"language":"Swedish","level":"Advanced"},{"language":"Bislama","level":"Advanced"}],"prev_company":["Luettgen-Nolan","Gulgowski LLC"]},
{"id":12,"first_name":"Isahella","last_name":"Leadbeatter","gender":"Female","city":"Koncang","job":{"title":"Structural Engineer","salary":13500},"spoken_languages":[{"language":"Hindi","level":"Basic"},{"language":"Portuguese","level":"Advanced"},{"language":"Luxembourgish","level":"Expert"}],"prev_company":["Walker, O'Hara and Graham","Turcotte, Crist and Rodriguez","Blanda LLC"]},
{"id":13,"first_name":"Isadora","last_name":"Vaun","gender":"Male","city":"São Miguel do Araguaia","job":{"title":"Sales Associate","salary":34600},"spoken_languages":[{"language":"Finnish","level":"Basic"},{"language":"Swati","level":"Basic"}],"prev_company":["Mosciski, Mitchell and Nienow"]},
{"id":14,"first_name":"Dicky","last_name":"Nisco","gender":"Male","city":"Gongju","job":{"title":"Engineer IV","salary":16300},"spoken_languages":[{"language":"Swahili","level":"Expert"},{"language":"Persian","level":"Basic"}],"prev_company":[]},
{"id":15,"first_name":"Elnore","last_name":"Ouchterlony","gender":"Male","city":"Whitwell","job":{"title":"Project Manager","salary":23200},"spoken_languages":[{"language":"Pashto","level":"Basic"},{"language":"Dari","level":"Expert"}],"prev_company":["Schiller-Mills","Hessel-Smitham"]},
{"id":16,"first_name":"Edwina","last_name":"Ormond","gender":"Male","city":"Gazanjyk","job":{"title":"Social Worker","salary":23100},"spoken_languages":[{"language":"Georgian","level":"Advanced"},{"language":"Swati","level":"Expert"}],"prev_company":["Goyette-Luettgen"]},
{"id":17,"first_name":"Rudyard","last_name":"Ellingford","gender":"Female","city":"Kahabe","job":{"title":"Paralegal","salary":17700},"spoken_languages":[{"language":"Tetum","level":"Advanced"},{"language":"Somali","level":"Basic"}],"prev_company":["Hodkiewicz, Smith and Kautzer"]},
{"id":18,"first_name":"Zed","last_name":"Girardot","gender":"Male","city":"Zhanggongmiao","job":{"title":"Research Assistant III","salary":39900},"spoken_languages":[{"language":"Dzongkha","level":"Advanced"},{"language":"Northern Sotho","level":"Expert"}],"prev_company":[]},
{"id":19,"first_name":"Jeth","last_name":"Chasteau","gender":"Male","city":"Mariestad","job":{"title":"Statistician III","salary":15400},"spoken_languages":[{"language":"Arabic","level":"Expert"},{"language":"Telugu","level":"Advanced"},{"language":"Italian","level":"Expert"}],"prev_company":["Hickle, Brown and Miller"]},
{"id":20,"first_name":"Ana","last_name":"Webland","gender":"Female","city":"Yantian","job":{"title":"Nurse","salary":23700},"spoken_languages":[{"language":"Belarusian","level":"Basic"},{"language":"Romanian","level":"Advanced"}],"prev_company":["Padberg, Bogisich and Eichmann","Roob-Gibson","Altenwerth-Dickinson"]},
{"id":21,"first_name":"Flor","last_name":"Standish-Brooks","gender":"Male","city":"Tešanj","job":{"title":"Recruiting Manager","salary":33900},"spoken_languages":[{"language":"Azeri","level":"Expert"},{"language":"Quechua","level":"Expert"}],"prev_company":["Fadel, Emmerich and Donnelly","Kessler LLC"]},
{"id":22,"first_name":"Randie","last_name":"Wraighte","gender":"Male","city":"Whitegate","job":{"title":"Structural Analysis Engineer","salary":43400},"spoken_languages":[{"language":"Portuguese","level":"Basic"}],"prev_company":["Schneider, Beer and Quitzon"]},
{"id":23,"first_name":"La verne","last_name":"McUre","gender":"Male","city":"Chinch'ŏn","job":{"title":"Legal Assistant","salary":34000},"spoken_languages":[{"language":"Bengali","level":"Advanced"}],"prev_company":["Daniel-Koepp","Lindgren, Beier and Gusikowski"]},
{"id":24,"first_name":"Jade","last_name":"Cowser","gender":"Female","city":"Paoua","job":{"title":"Pharmacist","salary":41600},"spoken_languages":[{"language":"Georgian","level":"Advanced"},{"language":"Dhivehi","level":"Expert"},{"language":"Quechua","level":"Expert"}],"prev_company":[]},
{"id":25,"first_name":"Hilary","last_name":"Losano","gender":"Male","city":"Dulovo","job":{"title":"Electrical Engineer","salary":41700},"spoken_languages":[{"language":"Latvian","level":"Advanced"},{"language":"Tswana","level":"Advanced"},{"language":"Punjabi","level":"Advanced"}],"prev_company":["Rowe Inc"]},
{"id":26,"first_name":"Viviene","last_name":"Hick","gender":"Female","city":"Jianfeng","job":{"title":"Software Test Engineer II","salary":35600},"spoken_languages":[{"language":"Hiri Motu","level":"Advanced"},{"language":"Czech","level":"Expert"}],"prev_company":["Rogahn, Klocko and DuBuque"]},
{"id":27,"first_name":"Nicoline","last_name":"Forbes","gender":"Female","city":"Xishaqiao","job":{"title":"Social Worker","salary":15600},"spoken_languages":[{"language":"Luxembourgish","level":"Basic"},{"language":"Danish","level":"Advanced"},{"language":"Kyrgyz","level":"Basic"}],"prev_company":["Labadie and Sons","Langworth, Runolfsdottir and Raynor"]},
{"id":28,"first_name":"Friedrick","last_name":"Beckworth","gender":"Female","city":"Los Angeles","job":{"title":"Systems Administrator III","salary":23100},"spoken_languages":[{"language":"Nepali","level":"Basic"}],"prev_company":["Bailey-Bashirian","Krajcik-Jakubowski"]},
{"id":29,"first_name":"Robbyn","last_name":"Ryton","gender":"Male","city":"Marly","job":{"title":"Web Designer IV","salary":37700},"spoken_languages":[{"language":"Estonian","level":"Expert"}],"prev_company":["Kihn LLC","Feil Group","Hagenes-Cormier"]},
{"id":30,"first_name":"Murielle","last_name":"Nesbit","gender":"Female","city":"Kaoma","job":{"title":"Systems Administrator III","salary":19600},"spoken_languages":[{"language":"Dutch","level":"Expert"}],"prev_company":["Schmitt Inc","Bernier-Konopelski","Daugherty-Frami"]},
{"id":31,"first_name":"Blinnie","last_name":"Mashro","gender":"Female","city":"Timba Lauk","job":{"title":"Sales Representative","salary":45300},"spoken_languages":[{"language":"Mongolian","level":"Expert"}],"prev_company":["Breitenberg and Sons"]},
{"id":32,"first_name":"Jarid","last_name":"Burkin","gender":"Female","city":"Az Zuwaytīnah","job":{"title":"Administrative Officer","salary":23700},"spoken_languages":[{"language":"Persian","level":"Basic"},{"language":"Swahili","level":"Basic"}],"prev_company":[]},
{"id":33,"first_name":"Mufi","last_name":"Lagneaux","gender":"Female","city":"Dongsheng","job":{"title":"Food Chemist","salary":37900},"spoken_languages":[{"language":"Tajik","level":"Expert"}],"prev_company":["Zemlak-Howe","Schroeder-Lang","Barrows, Armstrong and Thompson"]},
{"id":34,"first_name":"Price","last_name":"Yitzovicz","gender":"Female","city":"Cúcuta","job":{"title":"Registered Nurse","salary":20800},"spoken_languages":[{"language":"Amharic","level":"Expert"}],"prev_company":["Dietrich Inc"]},
{"id":35,"first_name":"Meredith","last_name":"Sharville","gender":"Male","city":"Taradale","job":{"title":"Computer Systems Analyst II","salary":53200},"spoken_languages":[{"language":"Luxembourgish","level":"Basic"},{"language":"Pashto","level":"Basic"}],"prev_company":["Cremin-Russel"]},
{"id":36,"first_name":"Travers","last_name":"Fellon","gender":"Male","city":"Liaoyang","job":{"title":"Chemical Engineer","salary":34500},"spoken_languages":[{"language":"Kazakh","level":"Expert"}],"prev_company":["Schaefer-Rempel","Smitham-Pfannerstill","Huel, Howell and Funk"]},
{"id":37,"first_name":"Russell","last_name":"Salla","gender":"Female","city":"Cabinda","job":{"title":"Programmer III","salary":36200},"spoken_languages":[{"language":"Swahili","level":"Basic"},{"language":"Moldovan","level":"Advanced"},{"language":"Oriya","level":"Expert"}],"prev_company":["Balistreri-Cartwright","Kuhic and Sons","Jaskolski-Shanahan"]},
{"id":38,"first_name":"Karmen","last_name":"Bernardoni","gender":"Female","city":"Romanovskaya","job":{"title":"Financial Advisor","salary":16900},"spoken_languages":[{"language":"Punjabi","level":"Basic"},{"language":"Quechua","level":"Expert"},{"language":"Aymara","level":"Advanced"}],"prev_company":["Fahey, Ebert and Hoeger"]},
{"id":39,"first_name":"Cathe","last_name":"Coogan","gender":"Female","city":"Knoxville","job":{"title":"Librarian","salary":33400},"spoken_languages":[{"language":"Sotho","level":"Basic"},{"language":"Dutch","level":"Expert"}],"prev_company":["Veum Inc","Kling, Schaefer and Nienow","Marks and Sons"]},
{"id":40,"first_name":"Diannne","last_name":"Vertigan","gender":"Male","city":"Hanna","job":{"title":"Financial Advisor","salary":34500},"spoken_languages":[{"language":"Filipino","level":"Basic"}],"prev_company":[]},
{"id":41,"first_name":"Colver","last_name":"Atley","gender":"Female","city":"Naga","job":{"title":"Chemical Engineer","salary":47600},"spoken_languages":[{"language":"Bislama","level":"Expert"},{"language":"Burmese","level":"Advanced"},{"language":"Somali","level":"Advanced"}],"prev_company":[]},
{"id":42,"first_name":"Ardene","last_name":"Hussell","gender":"Male","city":"Hamburg","job":{"title":"Software Engineer IV","salary":8300},"spoken_languages":[{"language":"Portuguese","level":"Expert"}],"prev_company":["Berge and Sons","Fritsch, Gorczany and Spinka"]},
{"id":43,"first_name":"Philippa","last_name":"Besnard","gender":"Female","city":"Kobilje","job":{"title":"Assistant Media Planner","salary":27900},"spoken_languages":[{"language":"Kazakh","level":"Expert"}],"prev_company":["Erdman, Ondricka and Cormier","Maggio-Heaney","Ankunding, Mohr and Ullrich"]},
{"id":44,"first_name":"Bridgette","last_name":"Boutwell","gender":"Male","city":"Áno Sýros","job":{"title":"Marketing Manager","salary":26500},"spoken_languages":[{"language":"Tamil","level":"Expert"},{"language":"Khmer","level":"Basic"},{"language":"Tamil","level":"Basic"}],"prev_company":["Dickens, Keeling and Doyle","Kihn-Rolfson"]},
{"id":45,"first_name":"Florida","last_name":"Mussalli","gender":"Male","city":"Dzüünkharaa","job":{"title":"Information Systems Manager","salary":39500},"spoken_languages":[{"language":"Khmer","level":"Expert"}],"prev_company":["Mills and Sons","Conn-Beahan","Yundt Group"]},
{"id":46,"first_name":"Shirlene","last_name":"Tison","gender":"Female","city":"Gubin","job":{"title":"Human Resources Manager","salary":30500},"spoken_languages":[{"language":"Telugu","level":"Basic"}],"prev_company":["O'Reilly, Torp and Rodriguez"]},
{"id":47,"first_name":"Homere","last_name":"Skewis","gender":"Male","city":"Huangrangping","job":{"title":"Engineer I","salary":47000},"spoken_languages":[{"language":"Fijian","level":"Basic"},{"language":"Thai","level":"Basic"},{"language":"Tok Pisin","level":"Basic"}],"prev_company":["Rohan Group","Pagac LLC"]},
{"id":48,"first_name":"Andie","last_name":"Hutchens","gender":"Female","city":"San Vicente","job":{"title":"VP Product Management","salary":24100},"spoken_languages":[{"language":"Gagauz","level":"Advanced"}],"prev_company":[]},
{"id":49,"first_name":"Amalia","last_name":"Fiddyment","gender":"Female","city":"Armentières","job":{"title":"Cost Accountant","salary":38600},"spoken_languages":[{"language":"English","level":"Expert"},{"language":"Assamese","level":"Expert"}],"prev_company":["Leffler Group"]},
{"id":50,"first_name":"Nert","last_name":"Kite","gender":"Female","city":"Zicheng","job":{"title":"Physical Therapy Assistant","salary":47400},"spoken_languages":[{"language":"Zulu","level":"Basic"}],"prev_company":[]},
{"id":51,"first_name":"Otis","last_name":"Ramsbotham","gender":"Male","city":"La Argentina","job":{"title":"Assistant Manager","salary":36100},"spoken_languages":[{"language":"Dari","level":"Basic"}],"prev_company":["Grady and Sons","Boehm Group"]},
{"id":52,"first_name":"Leone","last_name":"Voller","gender":"Female","city":"Goubétto","job":{"title":"Mechanical Systems Engineer","salary":37300},"spoken_languages":[{"language":"Nepali","level":"Advanced"},{"language":"Thai","level":"Expert"}],"prev_company":["Balistreri, Lowe and Fritsch","Kirlin-Halvorson"]},
{"id":53,"first_name":"Shep","last_name":"Antoney","gender":"Male","city":"Dapuchaihe","job":{"title":"Senior Financial Analyst","salary":38200},"spoken_languages":[{"language":"Haitian Creole","level":"Advanced"},{"language":"Swedish","level":"Basic"},{"language":"Ndebele","level":"Expert"}],"prev_company":["Waters LLC","Hamill, Haag and Romaguera"]},
{"id":54,"first_name":"Dougie","last_name":"Weippert","gender":"Male","city":"Tyre","job":{"title":"Senior Developer","salary":38100},"spoken_languages":[{"language":"Polish","level":"Expert"},{"language":"Chinese","level":"Expert"}],"prev_company":["Schroeder-Luettgen"]},
{"id":55,"first_name":"Benyamin","last_name":"Blinde","gender":"Female","city":"Lajkovac","job":{"title":"Associate Professor","salary":37000},"spoken_languages":[{"language":"Dari","level":"Advanced"},{"language":"Punjabi","level":"Expert"}],"prev_company":["Langworth-Brakus"]},
{"id":56,"first_name":"Ezri","last_name":"Fernyhough","gender":"Male","city":"Omīdcheh","job":{"title":"Structural Engineer","salary":46700},"spoken_languages":[{"language":"Kazakh","level":"Expert"},{"language":"Kazakh","level":"Advanced"},{"language":"Moldovan","level":"Expert"}],"prev_company":["Mayer-Lang"]},
{"id":57,"first_name":"Jacquelyn","last_name":"Gaskell","gender":"Male","city":"Nijmegen","job":{"title":"Analog Circuit Design manager","salary":3600},"spoken_languages":[{"language":"Tswana","level":"Expert"},{"language":"Hiri Motu","level":"Expert"},{"language":"Macedonian","level":"Expert"}],"prev_company":["Jacobs Inc"]},
{"id":58,"first_name":"Cob","last_name":"Scarsbrick","gender":"Male","city":"Ciparasi","job":{"title":"Technical Writer","salary":10100},"spoken_languages":[{"language":"Estonian","level":"Advanced"},{"language":"Burmese","level":"Advanced"},{"language":"French","level":"Expert"}],"prev_company":["Rempel, Breitenberg and Kunze","Jacobi, Parker and Lowe","Lemke and Sons"]},
{"id":59,"first_name":"Donny","last_name":"Caddie","gender":"Male","city":"Losevo","job":{"title":"Dental Hygienist","salary":16400},"spoken_languages":[{"language":"Danish","level":"Advanced"}],"prev_company":["Nikolaus, Bartell and Padberg","Rau, Walter and Roberts"]},
{"id":60,"first_name":"Maddalena","last_name":"Scargle","gender":"Male","city":"Pinhal General","job":{"title":"Clinical Specialist","salary":35200},"spoken_languages":[{"language":"Lao","level":"Expert"},{"language":"Kannada","level":"Advanced"}],"prev_company":["Bahringer-Stehr","Hamill, Mohr and Connelly","Johns, Senger and Sanford"]},
{"id":61,"first_name":"Traci","last_name":"Devil","gender":"Female","city":"Wugong","job":{"title":"Registered Nurse","salary":51000},"spoken_languages":[{"language":"French","level":"Advanced"},{"language":"Somali","level":"Advanced"},{"language":"Somali","level":"Advanced"}],"prev_company":["Reynolds-Kunze","Sauer, Krajcik and Runolfsdottir"]},
{"id":62,"first_name":"Salem","last_name":"Potier","gender":"Female","city":"Pali","job":{"title":"Business Systems Development Analyst","salary":17700},"spoken_languages":[{"language":"Danish","level":"Expert"},{"language":"Khmer","level":"Basic"}],"prev_company":[]},
{"id":63,"first_name":"Audra","last_name":"Plascott","gender":"Male","city":"Niopanda","job":{"title":"Accounting Assistant I","salary":16800},"spoken_languages":[{"language":"Burmese","level":"Basic"}],"prev_company":["Murray LLC","Bradtke Group","Hirthe and Sons"]},
{"id":64,"first_name":"Colet","last_name":"McMennum","gender":"Male","city":"Santo Niño","job":{"title":"Design Engineer","salary":19600},"spoken_languages":[{"language":"Pashto","level":"Basic"},{"language":"Papiamento","level":"Basic"}],"prev_company":[]},
{"id":65,"first_name":"Johannah","last_name":"Sleney","gender":"Male","city":"Yumendong","job":{"title":"Geologist IV","salary":37800},"spoken_languages":[{"language":"Tajik","level":"Basic"},{"language":"Portuguese","level":"Advanced"},{"language":"Northern Sotho","level":"Basic"}],"prev_company":[]},
{"id":66,"first_name":"Lethia","last_name":"Rabbitts","gender":"Female","city":"Bandar-e Ganāveh","job":{"title":"Desktop Support Technician","salary":25900},"spoken_languages":[{"language":"Arabic","level":"Expert"},{"language":"Telugu","level":"Advanced"},{"language":"Yiddish","level":"Advanced"}],"prev_company":["Bernier-Shanahan"]},
{"id":67,"first_name":"Preston","last_name":"Eastham","gender":"Female","city":"Mikhaylovsk","job":{"title":"Environmental Specialist","salary":29100},"spoken_languages":[{"language":"Khmer","level":"Basic"},{"language":"Mongolian","level":"Basic"},{"language":"Amharic","level":"Expert"}],"prev_company":["Kutch Group","Bernhard Group","O'Keefe, Doyle and Smitham"]},
{"id":68,"first_name":"Meredeth","last_name":"Robun","gender":"Male","city":"General Emilio Aguinaldo","job":{"title":"Operator","salary":39100},"spoken_languages":[{"language":"Korean","level":"Basic"},{"language":"Filipino","level":"Advanced"}],"prev_company":["Brekke-Cartwright","Spencer, Cartwright and Vandervort","Von, Rippin and Schumm"]},
{"id":69,"first_name":"Odelle","last_name":"Grindle","gender":"Male","city":"Shilovo","job":{"title":"Cost Accountant","salary":20800},"spoken_languages":[{"language":"German","level":"Basic"}],"prev_company":["Stehr and Sons","Cassin-Schaefer"]},
{"id":70,"first_name":"Jo","last_name":"Alderwick","gender":"Male","city":"Raman","job":{"title":"Compensation Analyst","salary":41500},"spoken_languages":[{"language":"Lithuanian","level":"Expert"}],"prev_company":[]},
{"id":71,"first_name":"Sherilyn","last_name":"Winkworth","gender":"Female","city":"Guadalupe","job":{"title":"Actuary","salary":13200},"spoken_languages":[{"language":"Malayalam","level":"Advanced"}],"prev_company":[]},
{"id":72,"first_name":"Roi","last_name":"Lemary","gender":"Female","city":"Carrefour","job":{"title":"Recruiting Manager","salary":29400},"spoken_languages":[{"language":"Moldovan","level":"Basic"},{"language":"Irish Gaelic","level":"Advanced"},{"language":"French","level":"Basic"}],"prev_company":["Gleason, Keeling and Maggio"]},
{"id":73,"first_name":"Amby","last_name":"Mengo","gender":"Female","city":"Kaiyun","job":{"title":"Desktop Support Technician","salary":32700},"spoken_languages":[{"language":"Arabic","level":"Basic"}],"prev_company":["Weimann, Abshire and Lang"]},
{"id":74,"first_name":"Alisa","last_name":"Brownbill","gender":"Male","city":"Riangblolong","job":{"title":"Analyst Programmer","salary":9600},"spoken_languages":[{"language":"Hiri Motu","level":"Expert"},{"language":"Chinese","level":"Basic"}],"prev_company":["Altenwerth, Howell and Hodkiewicz","Reichel Inc"]},
{"id":75,"first_name":"Rice","last_name":"Johnson","gender":"Female","city":"Taluncemara","job":{"title":"Statistician II","salary":45300},"spoken_languages":[{"language":"Tsonga","level":"Advanced"},{"language":"Chinese","level":"Advanced"},{"language":"Kashmiri","level":"Expert"}],"prev_company":["Hackett and Sons","Fritsch-Stracke"]},
{"id":76,"first_name":"Gothart","last_name":"Dils","gender":"Male","city":"Bilohirs’k","job":{"title":"Staff Scientist","salary":19800},"spoken_languages":[{"language":"Lao","level":"Expert"},{"language":"Icelandic","level":"Basic"},{"language":"Kannada","level":"Advanced"}],"prev_company":[]},
{"id":77,"first_name":"Aggi","last_name":"Ridpath","gender":"Female","city":"Fort Lauderdale","job":{"title":"Analyst Programmer","salary":42900},"spoken_languages":[{"language":"Romanian","level":"Expert"}],"prev_company":[]},
{"id":78,"first_name":"Drucie","last_name":"Luckings","gender":"Female","city":"Néos Skopós","job":{"title":"Nurse","salary":41900},"spoken_languages":[{"language":"Khmer","level":"Basic"}],"prev_company":["Brekke Group","Hane-Smitham"]},
{"id":79,"first_name":"Selie","last_name":"Matveichev","gender":"Male","city":"Aubenas","job":{"title":"Programmer IV","salary":37600},"spoken_languages":[{"language":"Dutch","level":"Advanced"}],"prev_company":["Koch, Huels and DuBuque","Halvorson-Hodkiewicz"]},
{"id":80,"first_name":"King","last_name":"Parnell","gender":"Male","city":"Jinzipai","job":{"title":"Community Outreach Specialist","salary":51500},"spoken_languages":[{"language":"Marathi","level":"Advanced"},{"language":"Bulgarian","level":"Advanced"},{"language":"Gujarati","level":"Basic"}],"prev_company":["Sipes, Gislason and Lockman"]},
{"id":81,"first_name":"Kinny","last_name":"Bourton","gender":"Female","city":"Khorixas","job":{"title":"Research Nurse","salary":41500},"spoken_languages":[{"language":"Albanian","level":"Basic"},{"language":"Haitian Creole","level":"Expert"}],"prev_company":["Graham, Hauck and Jacobson"]},
{"id":82,"first_name":"Fanya","last_name":"Lavell","gender":"Male","city":"Cavaillon","job":{"title":"Software Engineer II","salary":20300},"spoken_languages":[{"language":"Chinese","level":"Advanced"},{"language":"German","level":"Basic"}],"prev_company":["Brakus-Senger","Lueilwitz, Mraz and Eichmann"]},
{"id":83,"first_name":"Kassie","last_name":"Shoobridge","gender":"Male","city":"Budapest","job":{"title":"Developer I","salary":45800},"spoken_languages":[{"language":"Sotho","level":"Expert"}],"prev_company":[]},
{"id":84,"first_name":"Cassandre","last_name":"Ciciura","gender":"Female","city":"Wenxi","job":{"title":"Mechanical Systems Engineer","salary":13400},"spoken_languages":[{"language":"Pashto","level":"Expert"},{"language":"Swati","level":"Expert"}],"prev_company":[]},
{"id":85,"first_name":"Nefen","last_name":"Warnock","gender":"Male","city":"Dazhou","job":{"title":"Legal Assistant","salary":19500},"spoken_languages":[{"language":"Punjabi","level":"Advanced"}],"prev_company":["Jacobi, Pfeffer and Beier"]},
{"id":86,"first_name":"Loria","last_name":"Giacoboni","gender":"Female","city":"Khomutovo","job":{"title":"Nurse","salary":40400},"spoken_languages":[{"language":"Albanian","level":"Expert"},{"language":"Chinese","level":"Expert"},{"language":"Dhivehi","level":"Expert"}],"prev_company":["Williamson, Gibson and Boyer","Leuschke-Conroy"]},
{"id":87,"first_name":"Faye","last_name":"Woolatt","gender":"Female","city":"Danidehe","job":{"title":"Administrative Assistant III","salary":15500},"spoken_languages":[{"language":"Armenian","level":"Basic"}],"prev_company":["Cassin LLC"]},
{"id":88,"first_name":"Arlee","last_name":"Maneylaws","gender":"Male","city":"Zhukovskiy","job":{"title":"Cost Accountant","salary":31200},"spoken_languages":[{"language":"Kurdish","level":"Basic"},{"language":"Fijian","level":"Expert"},{"language":"Papiamento","level":"Expert"}],"prev_company":["Donnelly and Sons"]},
{"id":89,"first_name":"Garrot","last_name":"Padgham","gender":"Male","city":"Corinto","job":{"title":"Speech Pathologist","salary":36200},"spoken_languages":[{"language":"Aymara","level":"Expert"},{"language":"Punjabi","level":"Expert"}],"prev_company":[]},
{"id":90,"first_name":"Sylvester","last_name":"Sivior","gender":"Female","city":"Passos","job":{"title":"Nurse Practicioner","salary":42400},"spoken_languages":[{"language":"Luxembourgish","level":"Expert"},{"language":"Tswana","level":"Advanced"},{"language":"Catalan","level":"Basic"}],"prev_company":[]},
{"id":91,"first_name":"Kory","last_name":"Sedworth","gender":"Female","city":"Rosebank","job":{"title":"Research Associate","salary":23000},"spoken_languages":[{"language":"Kannada","level":"Advanced"},{"language":"Bosnian","level":"Advanced"}],"prev_company":["Ortiz and Sons","Krajcik, Bernier and Parisian","Mueller-Kirlin"]},
{"id":92,"first_name":"Myrilla","last_name":"Struttman","gender":"Female","city":"Ushumun","job":{"title":"Data Coordiator","salary":36600},"spoken_languages":[{"language":"Zulu","level":"Advanced"},{"language":"Hiri Motu","level":"Basic"},{"language":"Kurdish","level":"Advanced"}],"prev_company":["Rolfson-Wisozk","O'Keefe, Mraz and Ernser"]},
{"id":93,"first_name":"Philis","last_name":"Marriner","gender":"Female","city":"Beigang","job":{"title":"Electrical Engineer","salary":19000},"spoken_languages":[{"language":"Polish","level":"Advanced"},{"language":"Malagasy","level":"Basic"},{"language":"Zulu","level":"Basic"}],"prev_company":["Welch and Sons"]},
{"id":94,"first_name":"Chelsie","last_name":"Peeters","gender":"Male","city":"Verkhnyaya Toyma","job":{"title":"Mechanical Systems Engineer","salary":38400},"spoken_languages":[{"language":"Nepali","level":"Expert"},{"language":"Irish Gaelic","level":"Basic"},{"language":"Macedonian","level":"Basic"}],"prev_company":["Hermiston, Kreiger and Tromp","Rosenbaum, Gislason and Kuhic"]},
{"id":95,"first_name":"Shay","last_name":"Gawthorpe","gender":"Female","city":"Sovetskaya","job":{"title":"Assistant Media Planner","salary":36200},"spoken_languages":[{"language":"Tetum","level":"Basic"},{"language":"Haitian Creole","level":"Basic"}],"prev_company":[]},
{"id":96,"first_name":"Niven","last_name":"Haken","gender":"Male","city":"Korenëvo","job":{"title":"Software Consultant","salary":41700},"spoken_languages":[{"language":"Telugu","level":"Advanced"},{"language":"Khmer","level":"Advanced"},{"language":"Dari","level":"Advanced"}],"prev_company":["Hahn LLC"]},
{"id":97,"first_name":"Bethina","last_name":"Barg","gender":"Male","city":"Cabaret","job":{"title":"Recruiter","salary":25000},"spoken_languages":[{"language":"Kannada","level":"Expert"},{"language":"Estonian","level":"Advanced"},{"language":"Kurdish","level":"Basic"}],"prev_company":["O'Connell-Predovic","Hammes Group"]},
{"id":98,"first_name":"Tyne","last_name":"Chantree","gender":"Male","city":"Aimadamodo","job":{"title":"Information Systems Manager","salary":18900},"spoken_languages":[{"language":"Tamil","level":"Expert"},{"language":"Belarusian","level":"Expert"}],"prev_company":["Cruickshank, Tremblay and Dooley"]},
{"id":99,"first_name":"Alexei","last_name":"Hardison","gender":"Female","city":"Jaba‘","job":{"title":"Programmer Analyst I","salary":39100},"spoken_languages":[{"language":"English","level":"Advanced"},{"language":"Hungarian","level":"Advanced"},{"language":"English","level":"Advanced"}],"prev_company":[]},
{"id":100,"first_name":"Gideon","last_name":"Starkie","gender":"Male","city":"Gostovići","job":{"title":"Engineer I","salary":65200},"spoken_languages":[{"language":"Icelandic","level":"Advanced"},{"language":"Norwegian","level":"Expert"}],"prev_company":["Lindgren-Bosco","Wisozk-Grady","Kreiger Inc"]},
{"id":101,"first_name":"Pavia","last_name":"Trippack","gender":"Female","city":"Nīkêh","job":{"title":"Professor","salary":18100},"spoken_languages":[{"language":"Spanish","level":"Advanced"}],"prev_company":["Harvey-Lueilwitz","Hoppe-Rohan","Morissette-Romaguera"]},
{"id":102,"first_name":"Jeri","last_name":"Le Floch","gender":"Female","city":"Limoges","job":{"title":"Systems Administrator I","salary":18500},"spoken_languages":[{"language":"Bislama","level":"Basic"}],"prev_company":["Jacobs-Dietrich","Kreiger, Klein and Graham","Grimes, Marvin and Graham"]},
{"id":103,"first_name":"Marjy","last_name":"Sooper","gender":"Male","city":"Taveiro","job":{"title":"Compensation Analyst","salary":37400},"spoken_languages":[{"language":"Romanian","level":"Advanced"},{"language":"Catalan","level":"Expert"},{"language":"German","level":"Basic"}],"prev_company":[]},
{"id":104,"first_name":"Charles","last_name":"Fancourt","gender":"Female","city":"Naples","job":{"title":"Clinical Specialist","salary":39000},"spoken_languages":[{"language":"Amharic","level":"Basic"},{"language":"German","level":"Basic"}],"prev_company":["Dare and Sons","Pouros, Gutmann and Lind","Fay-Feil"]},
{"id":105,"first_name":"Felicle","last_name":"Andriveaux","gender":"Male","city":"Saurimo","job":{"title":"Software Test Engineer I","salary":37400},"spoken_languages":[{"language":"Dutch","level":"Basic"},{"language":"Māori","level":"Basic"}],"prev_company":["Kshlerin and Sons"]},
{"id":106,"first_name":"Leonie","last_name":"Scirman","gender":"Male","city":"Papakura","job":{"title":"Account Executive","salary":53900},"spoken_languages":[{"language":"Swahili","level":"Basic"}],"prev_company":["Erdman, West and Wiegand","Runolfsdottir, Osinski and Waelchi","Bruen, Rohan and Ortiz"]},
{"id":107,"first_name":"Fredric","last_name":"Loughan","gender":"Female","city":"Kedungbacin","job":{"title":"Research Nurse","salary":29300},"spoken_languages":[{"language":"Danish","level":"Basic"}],"prev_company":[]},
{"id":108,"first_name":"Geneva","last_name":"Brodeur","gender":"Female","city":"Yono","job":{"title":"Editor","salary":24500},"spoken_languages":[{"language":"Danish","level":"Basic"},{"language":"Bislama","level":"Advanced"}],"prev_company":[]},
{"id":109,"first_name":"Virginia","last_name":"Buxey","gender":"Female","city":"Miami","job":{"title":"Chemical Engineer","salary":13500},"spoken_languages":[{"language":"Persian","level":"Basic"}],"prev_company":["Reichert, Rowe and Gorczany","Hilll LLC"]},
{"id":110,"first_name":"Mina","last_name":"Graalman","gender":"Female","city":"Guanqiao","job":{"title":"Librarian","salary":19900},"spoken_languages":[{"language":"Norwegian","level":"Expert"},{"language":"Persian","level":"Advanced"}],"prev_company":["Blick Group","Sipes, Hudson and Gerhold","Reynolds, Kilback and Jerde"]},
{"id":111,"first_name":"Nye","last_name":"Cracknell","gender":"Female","city":"Vancouver","job":{"title":"Product Engineer","salary":25600},"spoken_languages":[{"language":"Somali","level":"Advanced"},{"language":"English","level":"Basic"},{"language":"Azeri","level":"Expert"}],"prev_company":["Yundt-Terry"]},
{"id":112,"first_name":"Newton","last_name":"Rowsell","gender":"Male","city":"Jiahe","job":{"title":"Junior Executive","salary":31200},"spoken_languages":[{"language":"Hungarian","level":"Expert"},{"language":"Korean","level":"Expert"}],"prev_company":["Hermiston-Hintz","Harber, Stehr and Walsh"]},
{"id":113,"first_name":"Kailey","last_name":"Ceyssen","gender":"Male","city":"Qutqashen","job":{"title":"Executive Secretary","salary":17000},"spoken_languages":[{"language":"Armenian","level":"Basic"},{"language":"Estonian","level":"Advanced"},{"language":"Tajik","level":"Expert"}],"prev_company":["Gutmann-Stiedemann","Stroman, Renner and Bashirian","Oberbrunner-Pagac"]},
{"id":114,"first_name":"Marve","last_name":"Debling","gender":"Female","city":"Götene","job":{"title":"Accounting Assistant III","salary":32400},"spoken_languages":[{"language":"Thai","level":"Expert"},{"language":"Tajik","level":"Advanced"}],"prev_company":["Grant, Jaskolski and Crist","Glover, Kuvalis and Mosciski","Gleichner-Conroy"]},
{"id":115,"first_name":"Englebert","last_name":"Spieght","gender":"Female","city":"Nanfeng","job":{"title":"Assistant Manager","salary":6300},"spoken_languages":[{"language":"Punjabi","level":"Basic"}],"prev_company":[]},
{"id":116,"first_name":"Katha","last_name":"Onn","gender":"Female","city":"Nikitinskiy","job":{"title":"Accounting Assistant IV","salary":49100},"spoken_languages":[{"language":"Chinese","level":"Basic"},{"language":"Thai","level":"Expert"}],"prev_company":["Corwin Group","Ernser, Barton and Kling"]},
{"id":117,"first_name":"Pierrette","last_name":"Obington","gender":"Male","city":"Santa Ignacia","job":{"title":"Pharmacist","salary":33300},"spoken_languages":[{"language":"Polish","level":"Expert"}],"prev_company":["Jerde-Nitzsche"]},
{"id":118,"first_name":"Juliana","last_name":"Geraghty","gender":"Female","city":"Santa Cruz do Rio Pardo","job":{"title":"Physical Therapy Assistant","salary":23800},"spoken_languages":[{"language":"Maltese","level":"Expert"},{"language":"Hindi","level":"Advanced"}],"prev_company":["Gottlieb-Borer","Macejkovic Inc","Lowe-Kuhic"]},
{"id":119,"first_name":"Roland","last_name":"McMeyler","gender":"Female","city":"Bonn","job":{"title":"Assistant Manager","salary":21000},"spoken_languages":[{"language":"Dari","level":"Advanced"}],"prev_company":[]},
{"id":120,"first_name":"Ediva","last_name":"Episcopi","gender":"Male","city":"Taobei","job":{"title":"Senior Cost Accountant","salary":26600},"spoken_languages":[{"language":"Norwegian","level":"Expert"}],"prev_company":["Rogahn, Barton and Lebsack"]},
{"id":121,"first_name":"Bruis","last_name":"Visco","gender":"Female","city":"Kočevje","job":{"title":"Senior Sales Associate","salary":16500},"spoken_languages":[{"language":"Estonian","level":"Advanced"}],"prev_company":["Rowe-Ebert","Greenfelder-Pfannerstill","Orn Group"]},
{"id":122,"first_name":"Shamus","last_name":"Hardern","gender":"Male","city":"Damiao","job":{"title":"Administrative Assistant I","salary":17000},"spoken_languages":[{"language":"Catalan","level":"Expert"},{"language":"Spanish","level":"Basic"},{"language":"Malagasy","level":"Basic"}],"prev_company":[]},
{"id":123,"first_name":"Sampson","last_name":"Cokly","gender":"Male","city":"Masohi","job":{"title":"Senior Financial Analyst","salary":31900},"spoken_languages":[{"language":"Mongolian","level":"Advanced"},{"language":"French","level":"Advanced"}],"prev_company":["Murazik Inc"]},
{"id":124,"first_name":"Fidel","last_name":"Darington","gender":"Female","city":"Dianbu","job":{"title":"Technical Writer","salary":18600},"spoken_languages":[{"language":"Hungarian","level":"Expert"},{"language":"Yiddish","level":"Expert"},{"language":"Somali","level":"Basic"}],"prev_company":["Erdman LLC"]},
{"id":125,"first_name":"Jillie","last_name":"Hoy","gender":"Female","city":"Juanshui","job":{"title":"Recruiting Manager","salary":33100},"spoken_languages":[{"language":"Kashmiri","level":"Basic"}],"prev_company":["Crona Inc","Crona LLC"]},
{"id":126,"first_name":"Brigida","last_name":"Batterham","gender":"Male","city":"Campor","job":{"title":"Structural Engineer","salary":26900},"spoken_languages":[{"language":"Swahili","level":"Basic"},{"language":"Gujarati","level":"Expert"}],"prev_company":["Crona Inc","Heller, Wolff and Kessler"]},
{"id":127,"first_name":"Marcelia","last_name":"Welland","gender":"Female","city":"‘Anjarah","job":{"title":"Safety Technician IV","salary":16900},"spoken_languages":[{"language":"Catalan","level":"Advanced"},{"language":"Bengali","level":"Advanced"},{"language":"Icelandic","level":"Expert"}],"prev_company":["Aufderhar, Klocko and O'Connell"]},
{"id":128,"first_name":"Sabra","last_name":"Bricksey","gender":"Female","city":"Dālbandīn","job":{"title":"Executive Secretary","salary":36800},"spoken_languages":[{"language":"Pashto","level":"Advanced"}],"prev_company":["Lubowitz-Keeling","Will Inc"]},
{"id":129,"first_name":"Beitris","last_name":"Skuse","gender":"Male","city":"Nowa Góra","job":{"title":"Marketing Manager","salary":2900},"spoken_languages":[{"language":"Kurdish","level":"Basic"},{"language":"Italian","level":"Advanced"}],"prev_company":[]},
{"id":130,"first_name":"Minni","last_name":"Frankis","gender":"Female","city":"Zarzal","job":{"title":"Statistician III","salary":35200},"spoken_languages":[{"language":"Malagasy","level":"Basic"},{"language":"Marathi","level":"Advanced"}],"prev_company":["O'Connell-Howe","Nikolaus and Sons","Cassin, Dickinson and Treutel"]},
{"id":131,"first_name":"Jamie","last_name":"Buddell","gender":"Female","city":"Steinkjer","job":{"title":"VP Marketing","salary":40700},"spoken_languages":[{"language":"Sotho","level":"Expert"}],"prev_company":["Rodriguez, Kassulke and Kiehn"]},
{"id":132,"first_name":"Lesley","last_name":"Surcombe","gender":"Female","city":"Thanatpin","job":{"title":"Software Consultant","salary":35900},"spoken_languages":[{"language":"Fijian","level":"Expert"},{"language":"Tetum","level":"Expert"},{"language":"Japanese","level":"Basic"}],"prev_company":[]},
{"id":133,"first_name":"Beilul","last_name":"Sweatman","gender":"Female","city":"Kirawsk","job":{"title":"Compensation Analyst","salary":56700},"spoken_languages":[{"language":"Ndebele","level":"Expert"}],"prev_company":["Schuster-Kozey","Deckow, Rohan and Ritchie","Turner and Sons"]},
{"id":134,"first_name":"Granthem","last_name":"Sommerly","gender":"Female","city":"Jinze","job":{"title":"Computer Systems Analyst IV","salary":22300},"spoken_languages":[{"language":"Hebrew","level":"Expert"},{"language":"Burmese","level":"Expert"},{"language":"Hebrew","level":"Basic"}],"prev_company":["Ferry-Hackett"]},
{"id":135,"first_name":"Sol","last_name":"Dauby","gender":"Male","city":"Sipeng","job":{"title":"Accounting Assistant I","salary":39000},"spoken_languages":[{"language":"Filipino","level":"Advanced"},{"language":"Hebrew","level":"Advanced"}],"prev_company":[]},
{"id":136,"first_name":"Adelaide","last_name":"Mingus","gender":"Female","city":"Yumaguzino","job":{"title":"Structural Engineer","salary":35200},"spoken_languages":[{"language":"German","level":"Basic"}],"prev_company":["Gulgowski and Sons","Abernathy, Gutkowski and West","Haley-Ziemann"]},
{"id":137,"first_name":"Uriah","last_name":"Kears","gender":"Male","city":"Chapadinha","job":{"title":"Health Coach I","salary":28400},"spoken_languages":[{"language":"Hebrew","level":"Advanced"},{"language":"Tamil","level":"Expert"}],"prev_company":["Stroman and Sons","Roob Group"]},
{"id":138,"first_name":"Harrietta","last_name":"Hacker","gender":"Female","city":"Tubarão","job":{"title":"Senior Sales Associate","salary":9900},"spoken_languages":[{"language":"Kazakh","level":"Expert"},{"language":"Montenegrin","level":"Expert"}],"prev_company":["Turcotte-Murray","Dach, Schimmel and White"]},
{"id":139,"first_name":"Lynea","last_name":"Kitchener","gender":"Male","city":"Villaviciosa","job":{"title":"Recruiting Manager","salary":41900},"spoken_languages":[{"language":"Swati","level":"Advanced"}],"prev_company":["Crooks-Johnston","Rempel-Schimmel"]},
{"id":140,"first_name":"Erminia","last_name":"Rowbottam","gender":"Male","city":"Guanzhuang","job":{"title":"Human Resources Manager","salary":38400},"spoken_languages":[{"language":"Assamese","level":"Expert"}],"prev_company":[]},
{"id":141,"first_name":"Granthem","last_name":"Schowenburg","gender":"Male","city":"Cikiray","job":{"title":"Nuclear Power Engineer","salary":24500},"spoken_languages":[{"language":"Tsonga","level":"Expert"},{"language":"Chinese","level":"Expert"},{"language":"Malayalam","level":"Expert"}],"prev_company":["Hessel-Hansen"]},
{"id":142,"first_name":"Barbara","last_name":"Haskett","gender":"Female","city":"Auxerre","job":{"title":"Senior Quality Engineer","salary":27900},"spoken_languages":[{"language":"Catalan","level":"Expert"},{"language":"Yiddish","level":"Expert"}],"prev_company":["Funk, Mueller and Becker","Schiller, King and Bins","Bauch-Roberts"]},
{"id":143,"first_name":"Winnie","last_name":"Simenet","gender":"Female","city":"Energetik","job":{"title":"Health Coach III","salary":49800},"spoken_languages":[{"language":"Telugu","level":"Advanced"},{"language":"Filipino","level":"Basic"},{"language":"Hiri Motu","level":"Advanced"}],"prev_company":["Hermiston, O'Connell and Carter","Schaefer and Sons"]},
{"id":144,"first_name":"Laurette","last_name":"Strathdee","gender":"Female","city":"Paraná","job":{"title":"Graphic Designer","salary":18700},"spoken_languages":[{"language":"Tetum","level":"Expert"}],"prev_company":[]},
{"id":145,"first_name":"Jobina","last_name":"Albutt","gender":"Female","city":"Umm Kaddadah","job":{"title":"Electrical Engineer","salary":20300},"spoken_languages":[{"language":"Indonesian","level":"Expert"},{"language":"Tetum","level":"Basic"},{"language":"Hebrew","level":"Basic"}],"prev_company":["Feil Inc"]},
{"id":146,"first_name":"Fabe","last_name":"Tytterton","gender":"Male","city":"Nan’an","job":{"title":"Systems Administrator III","salary":34900},"spoken_languages":[{"language":"Greek","level":"Advanced"}],"prev_company":["Watsica-Schaefer","Eichmann-Mayert"]},
{"id":147,"first_name":"Cristal","last_name":"Akrigg","gender":"Female","city":"Carvoeira","job":{"title":"Senior Sales Associate","salary":38700},"spoken_languages":[{"language":"Catalan","level":"Basic"}],"prev_company":["Brekke Group","Prohaska, Beatty and Bergnaum","Gorczany-Friesen"]},
{"id":148,"first_name":"Alicea","last_name":"Jansens","gender":"Male","city":"Nanae","job":{"title":"Safety Technician III","salary":29800},"spoken_languages":[{"language":"Azeri","level":"Expert"}],"prev_company":["Tremblay-Adams","Bruen-Goodwin"]},
{"id":149,"first_name":"Pernell","last_name":"Bussy","gender":"Male","city":"Mishima","job":{"title":"Human Resources Manager","salary":19700},"spoken_languages":[{"language":"Dhivehi","level":"Expert"}],"prev_company":["Prosacco Inc","Bergstrom-Johnston"]},
{"id":150,"first_name":"Belicia","last_name":"Spragge","gender":"Male","city":"Yuqi","job":{"title":"Assistant Media Planner","salary":29300},"spoken_languages":[{"language":"Māori","level":"Basic"},{"language":"Estonian","level":"Advanced"}],"prev_company":["Lemke, Huels and Flatley","Schaden LLC"]},
{"id":151,"first_name":"Addia","last_name":"Eate","gender":"Male","city":"Pabuaran","job":{"title":"Computer Systems Analyst I","salary":57900},"spoken_languages":[{"language":"Estonian","level":"Basic"}],"prev_company":["Koss-Wehner","Trantow-Koepp","Blick-Schmeler"]},
{"id":152,"first_name":"Matilda","last_name":"Connold","gender":"Female","city":"Sobreiro","job":{"title":"Editor","salary":35800},"spoken_languages":[{"language":"Aymara","level":"Expert"}],"prev_company":["Medhurst Inc","Denesik-Spinka"]},
{"id":153,"first_name":"Quincy","last_name":"MacGettigen","gender":"Male","city":"Ambarakaraka","job":{"title":"Accountant IV","salary":35400},"spoken_languages":[{"language":"Kyrgyz","level":"Advanced"},{"language":"Maltese","level":"Basic"}],"prev_company":["Schoen Group","Breitenberg Inc"]},
{"id":154,"first_name":"Cher","last_name":"Semens","gender":"Female","city":"Dengyue","job":{"title":"Software Consultant","salary":35500},"spoken_languages":[{"language":"Montenegrin","level":"Expert"},{"language":"Quechua","level":"Advanced"},{"language":"Māori","level":"Advanced"}],"prev_company":["Jacobi-Hauck"]},
{"id":155,"first_name":"Dora","last_name":"McParlin","gender":"Male","city":"Owczarnia","job":{"title":"Electrical Engineer","salary":34300},"spoken_languages":[{"language":"Romanian","level":"Advanced"},{"language":"Gujarati","level":"Basic"}],"prev_company":["Morissette and Sons","Macejkovic Group","Swaniawski LLC"]},
{"id":156,"first_name":"Gallagher","last_name":"Shelp","gender":"Male","city":"Châtillon","job":{"title":"Administrative Officer","salary":35300},"spoken_languages":[{"language":"Māori","level":"Expert"},{"language":"Malagasy","level":"Advanced"},{"language":"Lithuanian","level":"Advanced"}],"prev_company":["Kshlerin Group"]},
{"id":157,"first_name":"Royal","last_name":"Trulock","gender":"Male","city":"Stodolishche","job":{"title":"Occupational Therapist","salary":28300},"spoken_languages":[{"language":"Fijian","level":"Advanced"}],"prev_company":["Stiedemann, Beahan and Larson","Berge, Zulauf and Walker"]},
{"id":158,"first_name":"Roscoe","last_name":"Petegrew","gender":"Female","city":"Kadujajar","job":{"title":"Associate Professor","salary":59100},"spoken_languages":[{"language":"French","level":"Advanced"}],"prev_company":["Schaefer-Dooley","Boyer-Kreiger","Trantow LLC"]},
{"id":159,"first_name":"Hedvige","last_name":"Yerrall","gender":"Female","city":"Maoya","job":{"title":"Programmer II","salary":21700},"spoken_languages":[{"language":"Tajik","level":"Basic"},{"language":"Irish Gaelic","level":"Expert"},{"language":"Tajik","level":"Expert"}],"prev_company":["Bode and Sons","Casper and Sons","Kub, Kling and Bradtke"]},
{"id":160,"first_name":"Raquel","last_name":"Waldock","gender":"Male","city":"Jelbuk","job":{"title":"Compensation Analyst","salary":28700},"spoken_languages":[{"language":"Icelandic","level":"Expert"},{"language":"Yiddish","level":"Expert"},{"language":"Kannada","level":"Basic"}],"prev_company":["Witting LLC","Kessler, Bailey and Berge"]},
{"id":161,"first_name":"Gabie","last_name":"Havers","gender":"Female","city":"Sopla","job":{"title":"Associate Professor","salary":34700},"spoken_languages":[{"language":"Azeri","level":"Expert"},{"language":"Lao","level":"Basic"},{"language":"Papiamento","level":"Advanced"}],"prev_company":["Satterfield and Sons","Senger-Fahey"]},
{"id":162,"first_name":"Elly","last_name":"Bitcheno","gender":"Female","city":"Tyresö","job":{"title":"Database Administrator I","salary":26100},"spoken_languages":[{"language":"Malay","level":"Expert"},{"language":"Georgian","level":"Advanced"},{"language":"Telugu","level":"Basic"}],"prev_company":[]},
{"id":163,"first_name":"Berny","last_name":"Deverille","gender":"Female","city":"Xiaojing","job":{"title":"Product Engineer","salary":34600},"spoken_languages":[{"language":"Ndebele","level":"Basic"}],"prev_company":["Abbott Group","Reilly-Morar","Prohaska Group"]},
{"id":164,"first_name":"Florry","last_name":"Mackilpatrick","gender":"Female","city":"Vicuña Mackenna","job":{"title":"Sales Representative","salary":30600},"spoken_languages":[{"language":"Khmer","level":"Advanced"},{"language":"Indonesian","level":"Expert"}],"prev_company":["Lockman LLC","Brown-Kirlin","Stokes and Sons"]},
{"id":165,"first_name":"Butch","last_name":"Agirre","gender":"Male","city":"Bajingzi","job":{"title":"Mechanical Systems Engineer","salary":28000},"spoken_languages":[{"language":"Oriya","level":"Expert"},{"language":"Aymara","level":"Advanced"},{"language":"Albanian","level":"Advanced"}],"prev_company":[]},
{"id":166,"first_name":"Hartley","last_name":"Gavaghan","gender":"Female","city":"Malaruhatan","job":{"title":"Analyst Programmer","salary":30400},"spoken_languages":[{"language":"English","level":"Advanced"},{"language":"Dzongkha","level":"Expert"},{"language":"Ndebele","level":"Basic"}],"prev_company":["Vandervort Inc","Breitenberg and Sons","O'Reilly LLC"]},
{"id":167,"first_name":"Levey","last_name":"Bax","gender":"Male","city":"Nanfeng","job":{"title":"Paralegal","salary":24000},"spoken_languages":[{"language":"Papiamento","level":"Expert"},{"language":"Marathi","level":"Advanced"}],"prev_company":["Ebert-Fisher"]},
{"id":168,"first_name":"Blanche","last_name":"Pressman","gender":"Female","city":"Muzi","job":{"title":"Programmer III","salary":21500},"spoken_languages":[{"language":"New Zealand Sign Language","level":"Expert"},{"language":"Lao","level":"Advanced"}],"prev_company":["Prosacco, Hane and Kassulke","Hayes-Gerhold"]},
{"id":169,"first_name":"Dorree","last_name":"Yellowlees","gender":"Male","city":"Rogóźno","job":{"title":"Human Resources Manager","salary":23500},"spoken_languages":[{"language":"Azeri","level":"Expert"}],"prev_company":["Runolfsson-Mueller","Runolfsdottir-Ebert"]},
{"id":170,"first_name":"Phillip","last_name":"Schall","gender":"Male","city":"Stavanger","job":{"title":"Chemical Engineer","salary":36800},"spoken_languages":[{"language":"Papiamento","level":"Basic"},{"language":"Indonesian","level":"Advanced"}],"prev_company":["Grant Inc","Cole-Sanford","Farrell Group"]},
{"id":171,"first_name":"Eryn","last_name":"Sigars","gender":"Female","city":"Carmen","job":{"title":"Geologist III","salary":36200},"spoken_languages":[{"language":"Tetum","level":"Basic"}],"prev_company":["Nitzsche-Langosh"]},
{"id":172,"first_name":"Gale","last_name":"Twiddell","gender":"Male","city":"Labuhankananga","job":{"title":"Computer Systems Analyst III","salary":30300},"spoken_languages":[{"language":"Georgian","level":"Advanced"},{"language":"Persian","level":"Advanced"}],"prev_company":[]},
{"id":173,"first_name":"Davita","last_name":"Streat","gender":"Male","city":"Ganshui","job":{"title":"VP Accounting","salary":29400},"spoken_languages":[{"language":"Armenian","level":"Advanced"}],"prev_company":["Goldner, Hyatt and Quigley","Jacobs-Feest"]},
{"id":174,"first_name":"Elnora","last_name":"Eldershaw","gender":"Male","city":"Xike","job":{"title":"Pharmacist","salary":35300},"spoken_languages":[{"language":"English","level":"Expert"},{"language":"French","level":"Expert"},{"language":"Māori","level":"Basic"}],"prev_company":["Goyette Inc","Schulist, Moore and Wuckert"]},
{"id":175,"first_name":"Reggy","last_name":"Dietz","gender":"Female","city":"Salcedo","job":{"title":"Analyst Programmer","salary":-600},"spoken_languages":[{"language":"Tswana","level":"Basic"}],"prev_company":["Daugherty Group","Kemmer Group"]},
{"id":176,"first_name":"Karina","last_name":"Hamon","gender":"Female","city":"Burhānuddin","job":{"title":"Programmer Analyst II","salary":32400},"spoken_languages":[{"language":"Fijian","level":"Basic"},{"language":"Aymara","level":"Basic"}],"prev_company":["Johns, Howe and Funk","Nicolas-Schneider","Gerhold-Lindgren"]},
{"id":177,"first_name":"Lorianna","last_name":"Scotney","gender":"Female","city":"Dajing","job":{"title":"Mechanical Systems Engineer","salary":30600},"spoken_languages":[{"language":"Georgian","level":"Advanced"}],"prev_company":[]},
{"id":178,"first_name":"Asher","last_name":"Esby","gender":"Male","city":"Binglincha","job":{"title":"Cost Accountant","salary":47600},"spoken_languages":[{"language":"Afrikaans","level":"Advanced"},{"language":"Tswana","level":"Expert"}],"prev_company":["Schowalter LLC"]},
{"id":179,"first_name":"Bee","last_name":"McGilben","gender":"Male","city":"Gusinoozyorsk","job":{"title":"Help Desk Technician","salary":40600},"spoken_languages":[{"language":"Hebrew","level":"Basic"}],"prev_company":["Kreiger-Bogisich"]},
{"id":180,"first_name":"Hewett","last_name":"Colliss","gender":"Male","city":"Torrance","job":{"title":"Desktop Support Technician","salary":21900},"spoken_languages":[{"language":"Hungarian","level":"Expert"},{"language":"Spanish","level":"Advanced"},{"language":"Norwegian","level":"Expert"}],"prev_company":["Kilback, Muller and Leffler","Reinger, King and Collins","Berge, Watsica and Zulauf"]},
{"id":181,"first_name":"Angus","last_name":"Shallo","gender":"Male","city":"Banatski Dvor","job":{"title":"Graphic Designer","salary":49200},"spoken_languages":[{"language":"Persian","level":"Expert"},{"language":"Telugu","level":"Basic"},{"language":"Quechua","level":"Basic"}],"prev_company":[]},
{"id":182,"first_name":"Emery","last_name":"Allwell","gender":"Male","city":"Pacatuba","job":{"title":"Human Resources Manager","salary":18600},"spoken_languages":[{"language":"Swati","level":"Basic"}],"prev_company":["Wilderman and Sons","Lakin and Sons"]},
{"id":183,"first_name":"Fidel","last_name":"Kidde","gender":"Male","city":"Olival Basto","job":{"title":"Staff Accountant IV","salary":39800},"spoken_languages":[{"language":"Amharic","level":"Expert"}],"prev_company":["Oberbrunner, Collier and Hudson","Pagac, Kub and Champlin","Stiedemann LLC"]},
{"id":184,"first_name":"Killian","last_name":"Fowler","gender":"Female","city":"Solnechnoye","job":{"title":"Accounting Assistant I","salary":24800},"spoken_languages":[{"language":"Indonesian","level":"Basic"},{"language":"Hiri Motu","level":"Basic"},{"language":"Korean","level":"Expert"}],"prev_company":["Mertz, Thompson and O'Hara","Lynch-Jones","Prosacco-Breitenberg"]},
{"id":185,"first_name":"Michaella","last_name":"Klezmski","gender":"Male","city":"Orong","job":{"title":"Community Outreach Specialist","salary":20400},"spoken_languages":[{"language":"Moldovan","level":"Expert"},{"language":"Norwegian","level":"Basic"},{"language":"Yiddish","level":"Expert"}],"prev_company":[]},
{"id":186,"first_name":"Merell","last_name":"Mustarde","gender":"Male","city":"El Ocotón","job":{"title":"Database Administrator III","salary":37000},"spoken_languages":[{"language":"Oriya","level":"Basic"},{"language":"Catalan","level":"Advanced"},{"language":"German","level":"Basic"}],"prev_company":["Harvey-Welch","Dickinson, Boyle and Cole","Strosin, Welch and Kris"]},
{"id":187,"first_name":"Burt","last_name":"Catmull","gender":"Male","city":"Oropesa","job":{"title":"Geologist II","salary":22400},"spoken_languages":[{"language":"Malay","level":"Basic"},{"language":"Sotho","level":"Expert"},{"language":"German","level":"Basic"}],"prev_company":["Krajcik LLC"]},
{"id":188,"first_name":"Moina","last_name":"Staines","gender":"Female","city":"Capitán Bermúdez","job":{"title":"Account Coordinator","salary":31900},"spoken_languages":[{"language":"Tsonga","level":"Expert"},{"language":"Maltese","level":"Expert"}],"prev_company":[]},
{"id":189,"first_name":"Burk","last_name":"Iacoviello","gender":"Female","city":"Gamawa","job":{"title":"Account Executive","salary":36300},"spoken_languages":[{"language":"Bengali","level":"Advanced"},{"language":"Mongolian","level":"Basic"},{"language":"Latvian","level":"Advanced"}],"prev_company":[]},
{"id":190,"first_name":"Tootsie","last_name":"Farnham","gender":"Male","city":"Libog","job":{"title":"Analog Circuit Design manager","salary":32200},"spoken_languages":[{"language":"Fijian","level":"Advanced"},{"language":"English","level":"Advanced"},{"language":"Arabic","level":"Basic"}],"prev_company":["Mann-Monahan"]},
{"id":191,"first_name":"Ephrem","last_name":"Linay","gender":"Male","city":"Cabitan","job":{"title":"Sales Representative","salary":22400},"spoken_languages":[{"language":"Bislama","level":"Advanced"},{"language":"Bislama","level":"Advanced"},{"language":"New Zealand Sign Language","level":"Expert"}],"prev_company":["Treutel Group","Cremin, Haley and Mills","Emard-Kautzer"]},
{"id":192,"first_name":"Isaiah","last_name":"Emmens","gender":"Female","city":"Raga","job":{"title":"Media Manager IV","salary":47400},"spoken_languages":[{"language":"Arabic","level":"Advanced"},{"language":"Catalan","level":"Basic"},{"language":"Papiamento","level":"Advanced"}],"prev_company":["Muller Inc","Johns-Rippin","Williamson, Botsford and Veum"]},
{"id":193,"first_name":"Gwendolyn","last_name":"Sainte Paul","gender":"Female","city":"Deqing","job":{"title":"Social Worker","salary":40100},"spoken_languages":[{"language":"Burmese","level":"Advanced"}],"prev_company":[]},
{"id":194,"first_name":"Ginevra","last_name":"MacDonagh","gender":"Male","city":"Ostravice","job":{"title":"Senior Editor","salary":20500},"spoken_languages":[{"language":"Punjabi","level":"Advanced"}],"prev_company":[]},
{"id":195,"first_name":"Lilia","last_name":"Claiden","gender":"Female","city":"Xinchengpu","job":{"title":"Business Systems Development Analyst","salary":31900},"spoken_languages":[{"language":"Malay","level":"Advanced"}],"prev_company":["Heidenreich, Gerlach and Spinka","Friesen, Jacobi and Cummings","Dietrich-Donnelly"]},
{"id":196,"first_name":"Cam","last_name":"Hatterslay","gender":"Male","city":"Sampit","job":{"title":"Chief Design Engineer","salary":41100},"spoken_languages":[{"language":"Pashto","level":"Expert"},{"language":"Romanian","level":"Advanced"},{"language":"Dzongkha","level":"Basic"}],"prev_company":["Lubowitz and Sons","Rowe-Donnelly"]},
{"id":197,"first_name":"Tam","last_name":"De Ferrari","gender":"Male","city":"Baipu","job":{"title":"Chief Design Engineer","salary":41200},"spoken_languages":[{"language":"Moldovan","level":"Expert"}],"prev_company":["Jenkins-Herzog"]},
{"id":198,"first_name":"Merla","last_name":"Mogie","gender":"Female","city":"Bafoulabé","job":{"title":"GIS Technical Architect","salary":30100},"spoken_languages":[{"language":"Croatian","level":"Expert"},{"language":"Catalan","level":"Basic"},{"language":"Punjabi","level":"Advanced"}],"prev_company":["Hagenes, Bogan and Hessel","Schulist Group"]},
{"id":199,"first_name":"Theodor","last_name":"Fransoni","gender":"Female","city":"Huajialing","job":{"title":"Senior Developer","salary":40200},"spoken_languages":[{"language":"Italian","level":"Advanced"},{"language":"Macedonian","level":"Expert"}],"prev_company":["Schneider Group"]},
{"id":200,"first_name":"Tadd","last_name":"Dallemore","gender":"Female","city":"Si Satchanalai","job":{"title":"Research Associate","salary":41100},"spoken_languages":[{"language":"Tok Pisin","level":"Basic"},{"language":"Thai","level":"Basic"}],"prev_company":[]}